name,bin_acc,cat_acc,loss,auc
best_acc,0.8105118,0.4274647,1.3005122,0.7376|0.7948|0.7334|0.7113|0.8267
best_loss,0.81047535,0.42714706,1.3002791,0.7375|0.7948|0.7341|0.7098|0.8259
model,0.81044483,0.42614707,1.3007433,0.7373|0.795|0.7327|0.7108|0.8261
