name,bin_acc,cat_acc,loss,auc
best_acc,0.81455535,0.45592353,1.2595618,0.7452|0.7964|0.7537|0.7431|0.8456
best_loss,0.814439,0.4547,1.2588048,0.7461|0.7962|0.7537|0.7443|0.845
model,0.814553,0.45561177,1.2590513,0.7458|0.7965|0.753|0.7442|0.8456
