name,accuracy,lambda,loss,auc
best_acc,0.6826,0.0,0.8819524,0.8531|0.8763|0.9271|0.918|0.9151
best_loss,0.6818647,0.0,0.8807352,0.853|0.8766|0.9271|0.9183|0.9151
model,0.6814765,0.0,0.88100517,0.8529|0.8767|0.927|0.9182|0.9151
