name,accuracy,loss,auc
best_acc,0.60135883,1.3827865,0.3775|0.8183|0.88|0.8455|0.8855
best_loss,0.56135297,1.3828089,0.3779|0.8183|0.8716|0.846|0.8855
model,0.53275293,1.3829329,0.3776|0.8183|0.8794|0.8403|0.8855
