name,bin_acc,cat_acc,loss,auc
best_acc,0.8123377,0.4593353,1.2719027,0.7451|0.7938|0.7558|0.7436|0.8434
best_loss,0.81440127,0.45758235,1.2586496,0.7468|0.7957|0.7602|0.7463|0.8456
model,0.81370944,0.44857648,1.2633595,0.7466|0.7953|0.7615|0.7441|0.845
