name,accuracy,lambda,loss,auc
best_acc,0.69555295,0.0,0.83781946,0.8552|0.8836|0.9391|0.9315|0.9184
best_loss,0.6954294,0.0,0.83763045,0.8554|0.8837|0.9391|0.9315|0.9184
model,0.6955235,0.0,0.837634,0.8554|0.8837|0.9391|0.9315|0.9184
