name,loss,acc,auc
best_acc,1.6542027,0.3442059,0.6008|0.6886|0.5992|0.5666|0.903
best_loss,1.6542027,0.3442059,0.6008|0.6886|0.5992|0.5666|0.903
model,1.6851605,0.33398825,0.5985|0.6732|0.5987|0.5482|0.9028
