name,loss,acc,auc
best_acc,0.21752867,0.9171807,0.9685
best_loss,0.21384056,0.9105322,0.9682
model,0.21256492,0.91152227,0.9686
