name,accuracy,lambda,loss,auc
best_acc,0.4644941,0.0,1.2535044,0.7634|0.7978|0.7601|0.746|0.8476
best_loss,0.46428823,0.0,1.2531992,0.7645|0.7978|0.7604|0.7463|0.8476
model,0.46432352,0.0,1.2534121,0.7668|0.7986|0.7611|0.7469|0.8477
