name,accuracy,lambda,loss,auc
best_acc,0.55588824,0.0,1.1152442,0.783|0.8243|0.8487|0.8364|0.8893
best_loss,0.5496824,0.0,1.1107875,0.7877|0.8251|0.85|0.8376|0.8889
model,0.5535353,0.0,1.1109005,0.788|0.8257|0.8493|0.8371|0.8892
