name,bin_acc,cat_acc,loss,auc
best_acc,0.8148906,0.4669294,1.2571713,0.7594|0.8006|0.7631|0.7456|0.8453
best_loss,0.8151672,0.46488824,1.2539167,0.7571|0.7998|0.7655|0.7471|0.8461
model,0.81532013,0.46579412,1.2549765,0.7565|0.8005|0.7642|0.7469|0.8462
