name,bin_acc,cat_acc,loss,auc
best_acc,0.8082848,0.41632354,1.3231901,0.7155|0.7942|0.7216|0.6983|0.8111
best_loss,0.80834377,0.41261175,1.321621,0.7163|0.7942|0.7223|0.6979|0.8111
model,0.80870247,0.4132059,1.3224609,0.7164|0.7941|0.72|0.6987|0.8119
