name,accuracy,lambda,loss,auc
best_acc,0.47367647,0.0,1.2384291,0.7636|0.8054|0.7692|0.7545|0.8522
best_loss,0.47367647,0.0,1.2384291,0.7636|0.8054|0.7692|0.7545|0.8522
model,0.43634117,0.0,1.2862779,0.766|0.8092|0.7672|0.7529|0.8525
