name,accuracy,lambda,loss,auc
best_acc,0.7186647,0.0,0.78470385,0.8834|0.894|0.9458|0.9377|0.9274
best_loss,0.71854705,0.0,0.7844786,0.8835|0.894|0.9458|0.9378|0.9275
model,0.718447,0.0,0.7844208,0.8835|0.894|0.9458|0.9378|0.9275
