name,accuracy,lambda,loss,auc
best_acc,0.51314706,0.0,1.174831,0.7337|0.8113|0.8205|0.8119|0.8602
best_loss,0.5124706,0.0,1.1698511,0.7323|0.8112|0.8231|0.8153|0.8596
model,0.5124706,0.0,1.1698511,0.7323|0.8112|0.8231|0.8153|0.8596
