name,accuracy,loss,auc
best_acc,0.5985765,1.1329943,0.7823|0.8371|0.8677|0.8324|0.8974
best_loss,0.5985765,1.1329943,0.7823|0.8371|0.8677|0.8324|0.8974
model,0.5914177,1.1302137,0.7828|0.8382|0.8675|0.8347|0.8974
