name,accuracy,loss,auc
best_acc,0.61775297,1.1789976,0.6625|0.8183|0.8711|0.8621|0.8854
best_loss,0.6155941,1.1672633,0.662|0.8183|0.8743|0.8526|0.8855
model,0.6146,1.1673281,0.6618|0.8183|0.8739|0.852|0.8854
