name,accuracy,lambda,loss,auc
best_acc,0.7367941,0.0,0.74888426,0.9005|0.8999|0.9497|0.9418|0.9329
best_loss,0.7367941,0.0,0.74888426,0.9005|0.8999|0.9497|0.9418|0.9329
