name,accuracy,lambda,loss,auc
best_acc,0.69717646,0.0,0.86005497,0.8647|0.8814|0.9308|0.9178|0.9166
best_loss,0.69708234,0.0,0.85890245,0.8646|0.8819|0.9306|0.918|0.9165
model,0.69708234,0.0,0.85890245,0.8646|0.8819|0.9306|0.918|0.9165
