name,accuracy,lambda,loss,auc
best_acc,0.45805293,0.0,1.2780077,0.7459|0.797|0.752|0.7403|0.8395
best_loss,0.45607647,0.0,1.2690513,0.7467|0.7969|0.7559|0.7412|0.8395
model,0.4556,0.0,1.2695667,0.7465|0.7969|0.7564|0.7415|0.8397
