name,bin_acc,cat_acc,loss,auc
best_acc,0.90633416,1.0,0.23717137,0.9612
best_loss,0.90601486,1.0,0.2345017,0.9614
model,0.89269805,1.0,0.24133669,0.9608
