name,accuracy,lambda,loss,auc
best_acc,0.7266529,0.0,0.77486306,0.8933|0.8966|0.9457|0.9377|0.9263
best_loss,0.7263059,0.0,0.7746445,0.8933|0.8966|0.9458|0.9377|0.9263
model,0.7264412,0.0,0.7746873,0.8933|0.8966|0.9458|0.9377|0.9263
