name,accuracy,loss,auc
best_acc,0.69815296,0.84042436,0.8615|0.8856|0.9386|0.9274|0.919
best_loss,0.69774115,0.83952856,0.8616|0.8859|0.9384|0.9276|0.919
model,0.6977706,0.84208125,0.8615|0.8858|0.9384|0.9269|0.9191
