name,accuracy,loss,auc
best_acc,0.5269471,1.2778842,0.679|0.8257|0.7946|0.8034|0.8983
best_loss,0.5269471,1.2778842,0.679|0.8257|0.7946|0.8034|0.8983
model,0.5544706,1.1611959,0.7719|0.8346|0.8419|0.817|0.9003
