name,accuracy,lambda,loss,auc
best_acc,0.7072941,0.0,0.80786985,0.8736|0.8885|0.9431|0.9356|0.9245
best_loss,0.7072941,0.0,0.80786985,0.8736|0.8885|0.9431|0.9356|0.9245
model,0.6997588,0.0,0.81703955,0.873|0.8883|0.9434|0.9349|0.925
