name,accuracy,lambda,loss,auc
best_acc,0.6543235,0.0,1.0149802,0.7977|0.8497|0.9111|0.8964|0.8962
best_loss,0.65345883,0.0,1.0109339,0.7974|0.8495|0.9111|0.8965|0.8958
model,0.65384704,0.0,1.0113884,0.7978|0.8494|0.9111|0.8966|0.8959
