name,accuracy,lambda,loss,auc
best_acc,0.6750941,0.0,0.9236056,0.8081|0.8686|0.9302|0.9153|0.9043
best_loss,0.6750941,0.0,0.9236056,0.8081|0.8686|0.9302|0.9153|0.9043
model,0.6800059,0.0,0.9106446,0.8213|0.8715|0.9296|0.9183|0.9065
