name,bin_acc,cat_acc,loss,auc
best_acc,0.81254476,0.45722353,1.2784176,0.7497|0.7924|0.7471|0.7374|0.842
best_loss,0.8138389,0.4538,1.2707399,0.7474|0.7922|0.75|0.7397|0.8436
model,0.8138389,0.4538,1.2707399,0.7474|0.7922|0.75|0.7397|0.8436
