name,accuracy,loss,auc
best_acc,0.6146059,1.2645743,0.7391|0.8113|0.8795|0.8864|0.8895
best_loss,0.58401763,1.2627954,0.7396|0.8129|0.8814|0.8887|0.8895
model,0.57538825,1.2634822,0.7401|0.8112|0.8801|0.8861|0.8896
