name,accuracy,lambda,loss,auc
best_acc,0.55264115,0.0,1.113927,0.7641|0.8175|0.8553|0.839|0.8849
best_loss,0.54549414,0.0,1.108535,0.7604|0.8197|0.856|0.8391|0.8877
model,0.5461,0.0,1.1089491,0.7596|0.8199|0.8557|0.8383|0.8882
