name,accuracy,loss,auc
best_acc,0.62239414,1.0670714,0.7164|0.8457|0.9097|0.8927|0.8879
best_loss,0.62015295,1.0666324,0.7145|0.8454|0.9104|0.8925|0.8878
model,0.61944705,1.0666568,0.7127|0.8449|0.9107|0.8918|0.8877
