name,accuracy,loss,auc
best_acc,0.50568825,1.3800082,0.38|0.823|0.8826|0.8469|0.8855
best_loss,0.50568825,1.3800082,0.38|0.823|0.8826|0.8469|0.8855
model,0.5070706,1.3802208,0.3804|0.823|0.8836|0.8421|0.8855
