name,accuracy,loss,auc
best_acc,0.57888234,1.3875,0.3774|0.8183|0.8591|0.8511|0.8855
best_loss,0.55269414,1.3826948,0.3773|0.8183|0.8777|0.8449|0.8855
model,0.3469059,1.383542,0.3785|0.8183|0.8775|0.8391|0.8855
