name,bin_acc,cat_acc,loss,auc
best_acc,0.80894125,0.44731766,1.2865299,0.7404|0.8004|0.7406|0.7327|0.8369
best_loss,0.81291413,0.44171175,1.2837281,0.7296|0.795|0.7362|0.7338|0.8386
model,0.81278366,0.43014705,1.291557,0.73|0.7944|0.739|0.7272|0.8372
