name,bin_acc,cat_acc,loss,auc
best_acc,0.8125988,0.4445294,1.2837756,0.7303|0.7899|0.7466|0.7325|0.8384
best_loss,0.8125988,0.4445294,1.2837756,0.7303|0.7899|0.7466|0.7325|0.8384
model,0.81272364,0.44270587,1.2933269,0.7312|0.7893|0.7397|0.7334|0.8394
