name,bin_acc,cat_acc,loss,auc
best_acc,0.80012363,0.51715297,1.332386,0.7602|0.8298|0.7727|0.7715|0.8861
best_loss,0.80012363,0.51715297,1.332386,0.7602|0.8298|0.7727|0.7715|0.8861
model,0.8001273,0.5176529,1.3276825,0.7625|0.829|0.7888|0.7734|0.8879
