name,accuracy,loss,auc
best_acc,0.90212625,0.25510263,0.9508
best_loss,0.90018314,0.25296575,0.9512
model,0.9010099,0.25321522,0.9511
