Name,acc,auc,loss
model.keras,0.8882450461387634,0.9186138895100562,0.526165246963501
