name,accuracy,loss,auc
best_acc,0.9156361,0.21489727,0.9686
best_loss,0.91342825,0.21254665,0.9689
model,0.91435146,0.21271557,0.9688
