name,accuracy,lambda,loss,auc
best_acc,0.70749414,0.0,0.8128023,0.8731|0.889|0.9409|0.9338|0.9228
best_loss,0.70749414,0.0,0.8128023,0.8731|0.889|0.9409|0.9338|0.9228
model,0.7094059,0.0,0.80990577,0.8734|0.889|0.9417|0.9342|0.9233
