name,loss,bin_acc,auc
best_acc,0.26903847,0.8975569,0.9421
best_loss,0.26505616,0.89112127,0.9452
model,0.26387852,0.8935371,0.9453
