name,accuracy,loss,auc
best_acc,0.90183914,0.25378782,0.9511
best_loss,0.89992326,0.25300416,0.9512
model,0.89919305,0.25314608,0.9513
