name,accuracy,loss,auc
best_acc,0.5766,1.3052543,0.6628|0.8183|0.8936|0.8746|0.8855
best_loss,0.5766,1.3052543,0.6628|0.8183|0.8936|0.8746|0.8855
model,0.55721766,1.3051047,0.6633|0.8183|0.8924|0.8727|0.8855
