name,bin_acc,cat_acc,loss,auc
best_acc,0.81350255,0.4711,1.2641754,0.7553|0.8091|0.7568|0.7403|0.8427
best_loss,0.8140153,0.46804118,1.2598783,0.7586|0.8087|0.7599|0.7419|0.8431
model,0.81394595,0.4683588,1.2600657,0.7578|0.8088|0.76|0.7423|0.8427
