name,bin_acc,cat_acc,loss,auc
best_acc,0.8187695,0.48591176,1.2356925,0.7759|0.8229|0.7655|0.7517|0.8489
best_loss,0.8194448,0.48539412,1.2318312,0.7769|0.8236|0.7672|0.7535|0.8513
model,0.8183531,0.4776,1.2340288,0.775|0.8216|0.7671|0.7535|0.8505
