name,accuracy,lambda,loss,auc
best_acc,0.66018826,0.0,0.98602116,0.8207|0.8559|0.9177|0.9008|0.9001
best_loss,0.65872943,0.0,0.9799148,0.8193|0.8559|0.9182|0.9029|0.8993
model,0.6578235,0.0,0.98017865,0.8193|0.8561|0.9179|0.9027|0.8992
