name,accuracy,lambda,loss,auc
best_acc,0.7032118,0.0,0.82702786,0.8655|0.8861|0.9392|0.9326|0.9178
best_loss,0.7026353,0.0,0.82628876,0.8657|0.8864|0.9393|0.9328|0.9178
model,0.7021059,0.0,0.8269458,0.8655|0.8863|0.9392|0.9327|0.9177
