name,accuracy,lambda,loss,auc
best_acc,0.6715353,0.0,0.9035899,0.8411|0.8726|0.9258|0.9141|0.9128
best_loss,0.67005885,0.0,0.90268743,0.8408|0.8731|0.9258|0.9143|0.913
model,0.67017645,0.0,0.90291584,0.8408|0.873|0.9259|0.9142|0.9131
