name,bin_acc,cat_acc,loss,auc
best_acc,0.81001306,0.41305295,1.3476826,0.7277|0.7928|0.7016|0.694|0.8264
best_loss,0.81185186,0.41424116,1.3305893,0.7305|0.7926|0.7227|0.7055|0.8321
model,0.8108906,0.44514707,1.3327893,0.7315|0.7927|0.7227|0.7055|0.8287
