name,accuracy,lambda,loss,auc
best_acc,0.7159941,0.0,0.7928877,0.8804|0.8931|0.9443|0.9369|0.9253
best_loss,0.71587056,0.0,0.7927388,0.8804|0.8931|0.9443|0.937|0.9253
model,0.71592355,0.0,0.7926535,0.8804|0.8931|0.9443|0.937|0.9253
