name,bin_acc,cat_acc,loss,auc
best_acc,0.8731824,0.67119414,0.97154194,0.8124|0.8646|0.9218|0.9012|0.8917
best_loss,0.87368715,0.67055297,0.9677495,0.8128|0.865|0.9193|0.9042|0.8923
model,0.8697412,0.6657706,0.97529614,0.8145|0.8599|0.9236|0.8991|0.8926
