name,bin_acc,cat_acc,loss,auc
best_acc,0.8125272,0.44848824,1.2766811,0.7424|0.7975|0.7484|0.7307|0.8383
best_loss,0.8125272,0.44848824,1.2766811,0.7424|0.7975|0.7484|0.7307|0.8383
model,0.8124401,0.4496353,1.2784297,0.7426|0.7958|0.7478|0.7328|0.8379
