name,bin_acc,cat_acc,loss,auc
best_acc,0.91398764,1.0,0.22070919,0.9664
best_loss,0.9110173,1.0,0.21904154,0.9663
model,0.9069975,1.0,0.2651652,0.9651
