Name,acc,auc,loss
model.best_acc.keras,0.882004976272583,0.9191633994983948,0.34318792819976807
model.best_loss.keras,0.8789975047111511,0.9168183353418393,0.32920339703559875
model.keras,0.8696039319038391,0.916197767576676,0.33051902055740356
