name,accuracy,lambda,loss,auc
best_acc,0.67554116,0.0,0.9033717,0.84|0.8725|0.929|0.9155|0.9089
best_loss,0.6746353,0.0,0.902273,0.8396|0.8725|0.9286|0.9156|0.9088
