name,accuracy,lambda,loss,auc
best_acc,0.7212941,0.0,0.7802217,0.885|0.8946|0.9463|0.9384|0.9285
best_loss,0.72127056,0.0,0.78016114,0.885|0.8946|0.9463|0.9384|0.9286
model,0.72131175,0.0,0.780179,0.885|0.8946|0.9463|0.9384|0.9286
