name,bin_acc,cat_acc,loss,auc
best_acc,0.8000001,0.19300589,3.80004,0.42|0.8048|0.5621|0.4579|0.8931
best_loss,0.77850956,0.17630588,2.0136197,0.5148|0.2835|0.5912|0.5839|0.3179
model,0.8000001,0.20182353,1.628119,0.5|0.5|0.5|0.5|0.5
