name,accuracy,lambda,loss,auc
best_acc,0.71494704,0.0,0.7908476,0.8794|0.8931|0.9449|0.9373|0.9272
best_loss,0.71504706,0.0,0.7907072,0.8794|0.8931|0.945|0.9373|0.9272
model,0.71498823,0.0,0.7907263,0.8794|0.8931|0.945|0.9373|0.9272
