name,bin_acc,cat_acc,loss,auc
best_acc,0.7999437,0.37999412,1.3836572,0.6942|0.7906|0.694|0.6698|0.8207
best_loss,0.7999437,0.37999412,1.3836572,0.6942|0.7906|0.694|0.6698|0.8207
model,0.7999225,0.3801353,1.3828791,0.6944|0.7906|0.6951|0.6704|0.8207
