name,accuracy,lambda,loss,auc
best_acc,0.7107647,0.0,0.80943245,0.8765|0.8899|0.9406|0.9333|0.9225
best_loss,0.7107647,0.0,0.80943245,0.8765|0.8899|0.9406|0.9333|0.9225
model,0.7099294,0.0,0.8099858,0.8765|0.8899|0.9405|0.9334|0.9226
