Name,num_particles,n_hidden,acc,auc,loss
model.best_acc.keras,32,2,0.91661137342453,0.9676635807847233,0.2193309813737869
model.best_loss.keras,32,2,0.9125470519065856,0.9678758776078324,0.215026706457138
model.keras,32,2,0.9118787050247192,0.9677688711429902,0.2152972221374511
