name,bin_acc,cat_acc,loss,auc
best_acc,0.8132012,0.46401766,1.2677987,0.7565|0.8052|0.7556|0.7406|0.8422
best_loss,0.8134296,0.45744118,1.2628498,0.7534|0.8021|0.7575|0.7405|0.8429
model,0.8126765,0.4612412,1.2777128,0.7527|0.803|0.7467|0.7354|0.8433
