name,accuracy,lambda,loss,auc
best_acc,0.6527,0.0,0.99205,0.7986|0.8492|0.9076|0.8944|0.8993
best_loss,0.6525235,0.0,0.9831292,0.7956|0.8545|0.9104|0.895|0.8993
model,0.6525235,0.0,0.9831292,0.7956|0.8545|0.9104|0.895|0.8993
