name,bin_acc,cat_acc,loss,auc
best_acc,0.71165305,0.27280587,5.7206416,0.6714|0.7556|0.4161|0.4073|0.7424
best_loss,0.8000001,0.20182353,1.6094364,0.5|0.5|0.5|0.5|0.5
model,0.8000001,0.20182353,1.6094364,0.5|0.5|0.5|0.5|0.5
