name,accuracy,lambda,loss,auc
best_acc,0.7055294,0.0,0.8262397,0.8691|0.8875|0.937|0.9326|0.9182
best_loss,0.7055294,0.0,0.8262397,0.8691|0.8875|0.937|0.9326|0.9182
model,0.70187646,0.0,0.8340346,0.8694|0.8872|0.939|0.9311|0.9178
