name,accuracy,loss,auc
best_acc,0.57910585,1.3828816,0.3775|0.8183|0.8812|0.8473|0.8855
best_loss,0.5459059,1.3828404,0.3777|0.8183|0.8707|0.847|0.8855
model,0.4813706,1.3829484,0.3779|0.8183|0.8784|0.8447|0.8855
