name,loss,acc,auc
best_acc,0.56134397,0.89694554,0.9178
best_loss,0.56134397,0.89694554,0.9178
model,0.56068486,0.8973094,0.9185
