name,bin_acc,cat_acc,loss,auc
best_acc,0.812666,0.45732352,1.2784073,0.7499|0.7923|0.748|0.7381|0.8417
best_loss,0.813666,0.45487058,1.271381,0.7469|0.7913|0.752|0.7381|0.8436
model,0.8137448,0.45005295,1.2721525,0.7481|0.7915|0.7519|0.7365|0.8439
