name,loss,acc,auc
best_acc,1.4236779,0.3807941,0.7178|0.7887|0.7096|0.6935|0.8102
best_loss,1.4236779,0.3807941,0.7178|0.7887|0.7096|0.6935|0.8102
model,1.4205656,0.37907058,0.717|0.7888|0.6985|0.6886|0.8104
