name,accuracy,lambda,loss,auc
best_acc,0.68862355,0.0,0.88640916,0.8568|0.8761|0.9273|0.9152|0.9115
best_loss,0.6883882,0.0,0.8863538,0.8562|0.8761|0.9271|0.9153|0.9117
