name,accuracy,lambda,loss,auc
best_acc,0.7311765,0.0,0.76093215,0.8955|0.8974|0.9484|0.9407|0.9307
best_loss,0.7311765,0.0,0.76093215,0.8955|0.8974|0.9484|0.9407|0.9307
