name,bin_acc,cat_acc,loss,auc
best_acc,0.85274243,0.6043765,1.0174807,0.8305|0.8675|0.8735|0.8589|0.9001
best_loss,0.85274243,0.6043765,1.0174807,0.8305|0.8675|0.8735|0.8589|0.9001
model,0.8388636,0.5712941,1.1023889,0.8062|0.8189|0.8704|0.8564|0.8982
