name,accuracy,lambda,loss,auc
best_acc,0.4687706,0.0,1.2561139,0.7584|0.8044|0.7594|0.7463|0.8494
best_loss,0.46702352,0.0,1.249989,0.7592|0.8028|0.7608|0.7487|0.8501
model,0.46597648,0.0,1.2505629,0.7596|0.8029|0.7613|0.7489|0.8499
