name,accuracy,lambda,loss,auc
best_acc,0.5794412,0.0,1.0739838,0.7996|0.8449|0.8637|0.8456|0.8937
best_loss,0.57524705,0.0,1.0729077,0.7996|0.8446|0.8636|0.846|0.8935
model,0.5770765,0.0,1.0736008,0.7999|0.8448|0.8636|0.8455|0.8937
