name,loss,acc,auc
best_acc,1.9567966,0.4078941,0.3814|0.3559|0.6012|0.8467|0.8918
best_loss,2.0250442,0.41365293,0.3787|0.3371|0.6016|0.849|0.8916
model,2.0278182,0.4218353,0.3799|0.3315|0.6018|0.8535|0.8914
