name,bin_acc,cat_acc,loss,auc
best_acc,0.7941483,0.32149413,1.5252577,0.4086|0.7633|0.5466|0.5759|0.6904
best_loss,0.78745425,0.26774704,1.5122428,0.6448|0.734|0.5777|0.5758|0.677
model,0.8000001,0.20182353,1.6094364,0.5|0.5|0.5|0.5|0.5
