name,accuracy,lambda,loss,auc
best_acc,0.72009414,0.0,0.77997535,0.8849|0.895|0.9463|0.9384|0.9283
best_loss,0.72007644,0.0,0.77993435,0.8849|0.895|0.9464|0.9384|0.9284
model,0.7201118,0.0,0.7799528,0.8849|0.895|0.9464|0.9384|0.9283
