name,accuracy,lambda,loss,auc
best_acc,0.6778529,0.0,0.9047808,0.8215|0.8745|0.9305|0.9171|0.9062
best_loss,0.6778529,0.0,0.9047808,0.8215|0.8745|0.9305|0.9171|0.9062
model,0.68365884,0.0,0.8900678,0.8324|0.8766|0.9319|0.9186|0.9079
