name,loss,acc,auc
best_acc,1.2632575,0.49647647,0.7487|0.835|0.8304|0.8364|0.8976
best_loss,1.2632575,0.49647647,0.7487|0.835|0.8304|0.8364|0.8976
model,1.2104731,0.51221764,0.7649|0.8382|0.8423|0.8668|0.9015
