name,accuracy,lambda,loss,auc
best_acc,0.5800529,0.0,1.0792292,0.794|0.8476|0.8614|0.8446|0.8908
best_loss,0.5771706,0.0,1.0774494,0.7941|0.8472|0.8616|0.8444|0.8908
model,0.5776,0.0,1.077605,0.7943|0.8471|0.8615|0.8442|0.8907
