name,accuracy,loss,auc
best_acc,0.918099,0.2084162,0.9705
best_loss,0.91496783,0.20666839,0.9706
model,0.9133985,0.20714279,0.9706
