name,accuracy,lambda,loss,auc
best_acc,0.6885412,0.0,0.9161825,0.8506|0.8623|0.9299|0.9117|0.9039
best_loss,0.6883941,0.0,0.91053236,0.8509|0.8666|0.9299|0.9141|0.9027
model,0.6883941,0.0,0.91053236,0.8509|0.8666|0.9299|0.9141|0.9027
