name,bin_acc,cat_acc,loss,auc
best_acc,0.8132636,0.44871175,1.2741953,0.7402|0.7962|0.7518|0.7373|0.8396
best_loss,0.81321067,0.44712353,1.2721533,0.7404|0.7964|0.7546|0.7381|0.84
model,0.8127072,0.44215882,1.2744215,0.7414|0.796|0.7558|0.7371|0.8407
