name,bin_acc,cat_acc,loss,auc
best_acc,0.8109025,0.44108236,1.2925352,0.7402|0.7974|0.7426|0.7192|0.8298
best_loss,0.81074244,0.4387941,1.2918435,0.7393|0.797|0.7435|0.7177|0.8295
model,0.8108695,0.44022942,1.2976097,0.7417|0.7989|0.7345|0.7203|0.8306
