name,accuracy,lambda,loss,auc
best_acc,0.71719414,0.0,0.7860528,0.8825|0.8938|0.9454|0.9374|0.9281
best_loss,0.71719414,0.0,0.7860528,0.8825|0.8938|0.9454|0.9374|0.9281
model,0.71732354,0.0,0.7859331,0.8826|0.8938|0.9454|0.9374|0.928
