name,accuracy,lambda,loss,auc
best_acc,0.6994353,0.0,0.8240358,0.8603|0.886|0.9416|0.9343|0.9208
best_loss,0.6994353,0.0,0.82332796,0.8605|0.8862|0.9417|0.9344|0.921
model,0.6987706,0.0,0.8240566,0.8602|0.8861|0.9416|0.9344|0.921
