name,bin_acc,cat_acc,loss,auc
best_acc,0.81242466,0.44707647,1.3052996,0.7346|0.7932|0.7318|0.7117|0.8341
best_loss,0.81235415,0.4280647,1.2929174,0.7489|0.7987|0.7433|0.7183|0.8376
model,0.81235415,0.4280647,1.2929174,0.7489|0.7987|0.7433|0.7183|0.8376
