name,accuracy,lambda,loss,auc
best_acc,0.71228826,0.0,0.805173,0.8777|0.8907|0.9409|0.9344|0.9238
best_loss,0.71228826,0.0,0.805173,0.8777|0.8907|0.9409|0.9344|0.9238
model,0.71219414,0.0,0.8052154,0.8778|0.8905|0.9409|0.9344|0.9239
