name,bin_acc,cat_acc,loss,auc
best_acc,0.8120671,0.44808823,1.280039,0.7391|0.7862|0.7483|0.7367|0.8364
best_loss,0.8127305,0.44773528,1.274568,0.7391|0.7856|0.7519|0.7395|0.8386
model,0.8127305,0.44773528,1.274568,0.7391|0.7856|0.7519|0.7395|0.8386
