name,accuracy,loss,auc
best_acc,0.6664353,0.9598689,0.8241|0.8646|0.9234|0.9111|0.9016
best_loss,0.6660412,0.9591763,0.8241|0.865|0.9236|0.9107|0.9014
model,0.6647235,0.9610035,0.8235|0.8671|0.9226|0.9119|0.901
