name,bin_acc,cat_acc,loss,auc
best_acc,0.6583688,1.0,0.5500947,0.7543
best_loss,0.6583688,1.0,0.5500947,0.7543
model,0.67404455,1.0,0.5474853,0.7542
