name,accuracy,loss,auc
best_acc,0.90181434,0.25150144,0.9507
best_loss,0.90058416,0.25035506,0.9509
model,0.90006435,0.25045663,0.9509
