name,accuracy,lambda,loss,auc
best_acc,0.45590588,0.0,1.28679,0.7372|0.7923|0.7538|0.7334|0.8334
best_loss,0.45441177,0.0,1.2819239,0.7366|0.7938|0.7541|0.7325|0.834
model,0.4554294,0.0,1.2819669,0.7367|0.7935|0.7542|0.7328|0.834
