name,accuracy,lambda,loss,auc
best_acc,0.69881177,0.0,0.84344035,0.8538|0.882|0.9387|0.9326|0.9143
best_loss,0.6957471,0.0,0.84000945,0.8555|0.8839|0.9391|0.9328|0.9144
model,0.69468826,0.0,0.8415508,0.8549|0.8838|0.9391|0.9328|0.9144
