name,accuracy,lambda,loss,auc
best_acc,0.7155059,0.0,0.79044926,0.8796|0.8931|0.9449|0.9371|0.9276
best_loss,0.7157,0.0,0.78887004,0.88|0.8933|0.9453|0.9373|0.9279
model,0.7157294,0.0,0.7888719,0.88|0.8933|0.9453|0.9373|0.9279
