name,accuracy,lambda,loss,auc
best_acc,0.6822823,0.0,0.8758984,0.8524|0.8795|0.929|0.92|0.9143
best_loss,0.6812235,0.0,0.87506,0.8523|0.8798|0.9294|0.92|0.9146
model,0.68112355,0.0,0.87507683,0.8523|0.8799|0.9294|0.9199|0.9146
