name,bin_acc,cat_acc,loss,auc
best_acc,0.8058647,0.3996294,1.416133,0.7065|0.779|0.6421|0.6395|0.7825
best_loss,0.8058647,0.3996294,1.416133,0.7065|0.779|0.6421|0.6395|0.7825
model,0.80002004,0.29075882,1.5473202,0.6009|0.6654|0.555|0.5493|0.6572
