name,accuracy,loss,auc
best_acc,0.6078294,1.3827536,0.3773|0.8183|0.882|0.8463|0.8855
best_loss,0.47018236,1.382719,0.3773|0.8183|0.8791|0.8415|0.8855
model,0.6078294,1.3827536,0.3773|0.8183|0.882|0.8463|0.8855
