name,bin_acc,cat_acc,loss,auc
best_acc,0.81287766,0.4557647,1.2861451,0.7405|0.7975|0.7432|0.7206|0.8442
best_loss,0.81287766,0.4557647,1.2861451,0.7405|0.7975|0.7432|0.7206|0.8442
model,0.8123648,0.41548824,1.321797,0.7029|0.7941|0.7071|0.6952|0.8301
