name,bin_acc,cat_acc,loss,auc
best_acc,0.87133527,0.66624117,0.97498345,0.8015|0.863|0.919|0.9037|0.8923
best_loss,0.8704317,0.6655471,0.9718863,0.8021|0.8616|0.9187|0.9058|0.8941
model,0.87048006,0.6657235,0.9800804,0.7996|0.8628|0.9178|0.9051|0.8929
