name,bin_acc,cat_acc,loss,auc
best_acc,0.8000001,0.20274118,1.6094384,0.5004|0.5|0.5|0.5013|0.4983
best_loss,0.8000001,0.20182353,1.6093167,0.5|0.5|0.5|0.5|0.5
model,0.8000001,0.20182353,1.609427,0.5|0.5|0.5|0.5|0.5
