name,accuracy,lambda,loss,auc
best_acc,0.6641588,0.0,0.972158,0.8178|0.8617|0.9203|0.9082|0.903
best_loss,0.6641588,0.0,0.972158,0.8178|0.8617|0.9203|0.9082|0.903
