name,accuracy,loss,auc
best_acc,0.67517644,0.9417035,0.8203|0.8682|0.9306|0.9109|0.8976
best_loss,0.6719294,0.9348704,0.8186|0.8709|0.9307|0.9091|0.9003
model,0.6719294,0.9348704,0.8186|0.8709|0.9307|0.9091|0.9003
