name,accuracy,loss,auc
best_acc,0.64371765,1.0763968,0.7809|0.8574|0.9127|0.8619|0.8992
best_loss,0.64371765,1.0763968,0.7809|0.8574|0.9127|0.8619|0.8992
model,0.6473353,1.0663666,0.7821|0.8574|0.9151|0.8678|0.8995
