name,accuracy,loss,auc
best_acc,0.8473292,0.41393316,0.9271
best_loss,0.8473292,0.41393316,0.9271
model,0.8492797,0.4107312,0.9271
