name,accuracy,lambda,loss,auc
best_acc,0.58907646,0.0,1.0598378,0.8103|0.8542|0.8645|0.8482|0.8952
best_loss,0.58907646,0.0,1.0598378,0.8103|0.8542|0.8645|0.8482|0.8952
model,0.5861706,0.0,1.0605443,0.8103|0.8543|0.8647|0.8478|0.8954
