name,bin_acc,cat_acc,loss,auc
best_acc,0.81519073,0.4603706,1.2582666,0.7493|0.7944|0.7584|0.7457|0.8463
best_loss,0.81516826,0.46061766,1.2569381,0.7488|0.7946|0.7594|0.7456|0.8463
model,0.81477535,0.4551412,1.2583961,0.749|0.7944|0.7604|0.7454|0.8461
