name,loss,acc,auc
best_acc,1.3480306,0.45690587,0.6649|0.776|0.6062|0.888|0.8439
best_loss,1.3259965,0.45635295,0.6509|0.751|0.6425|0.8851|0.8453
model,1.3253009,0.45557058,0.6126|0.751|0.6431|0.8847|0.8433
