name,bin_acc,cat_acc,loss,auc
best_acc,0.8109578,0.41212353,1.4033486,0.7264|0.7631|0.6419|0.6525|0.8208
best_loss,0.81121653,0.41108823,1.4025415,0.7269|0.7617|0.6427|0.6553|0.8211
model,0.8110071,0.40641764,1.4084396,0.7288|0.7603|0.6394|0.6501|0.8196
