Name,num_particles,n_hidden,acc,auc,loss
model.best_acc.keras,32.0,2.0,0.91661137342453,0.9676635807847233,0.2193309813737869
model.best_loss.keras,32.0,2.0,0.9125470519065856,0.9678758776078324,0.215026706457138
model.keras,32.0,2.0,0.9118787050247192,0.9677688711429902,0.2152972221374511
model.best_acc.keras,32.0,2.0,0.9151138663291932,0.9673554960190484,0.2162890285253524
model.best_loss.keras,32.0,2.0,0.9123688340187072,0.967524651622692,0.2163619399070739
model.keras,32.0,2.0,0.9138836860656738,0.9675656271839864,0.2154755592346191
