name,bin_acc,cat_acc,loss,auc
best_acc,0.8137613,0.4639412,1.2598598,0.7523|0.8019|0.7577|0.7447|0.8423
best_loss,0.81430376,0.46075884,1.2584684,0.7531|0.8031|0.7597|0.7441|0.8432
model,0.81369543,0.4623647,1.2623787,0.7529|0.8043|0.7588|0.746|0.8423
