name,loss,acc,auc
best_acc,1.2272682,0.49788824,0.6787|0.8163|0.8843|0.87|0.8854
