name,loss,bin_acc,auc
best_acc,0.46721718,0.76870495,0.8875
best_loss,0.46721718,0.76870495,0.8875
model,0.46613917,0.76760316,0.8862
