name,accuracy,lambda,loss,auc
best_acc,0.57841176,0.0,1.0793823,0.8|0.8426|0.8615|0.8433|0.8932
best_loss,0.57458824,0.0,1.076786,0.7999|0.8418|0.8616|0.8439|0.8929
model,0.57445884,0.0,1.0769424,0.7998|0.8419|0.8616|0.8439|0.893
