Name,num_particles,n_hidden,acc,auc,loss
model.best_acc.keras,32,1,0.8811831474304199,0.9172190076279724,0.330590009689331
model.best_loss.keras,32,1,0.8774975538253784,0.9165606254627582,0.3288937509059906
model.keras,32,1,0.876685619354248,0.9165194464042208,0.3289003074169159
model.best_acc.keras,32,1,0.882004976272583,0.9191633994983948,0.343187928199768
model.best_loss.keras,32,1,0.8789975047111511,0.9168183353418392,0.3292033970355987
model.keras,32,1,0.8696039319038391,0.916197767576676,0.3305190205574035
