name,accuracy,lambda,loss,auc
best_acc,0.67554116,0.0,0.9033717,0.84|0.8725|0.929|0.9155|0.9089
best_loss,0.6754,0.0,0.90035313,0.8397|0.873|0.929|0.9158|0.909
model,0.67330587,0.0,0.90103877,0.8394|0.8737|0.9287|0.9155|0.9091
