name,loss,acc,auc
best_acc,1.1989686,0.49735883,0.5546|0.8323|0.8884|0.9143|0.8888
best_loss,1.1661143,0.49631175,0.6166|0.8462|0.8957|0.9089|0.8909
model,1.1647129,0.50239414,0.6264|0.8468|0.8826|0.9108|0.8917
