name,bin_acc,cat_acc,loss,auc
best_acc,0.80865175,0.41832942,1.3251536,0.732|0.795|0.7229|0.6778|0.8134
best_loss,0.8087883,0.41411763,1.3223609,0.715|0.7939|0.7241|0.6833|0.8135
model,0.8087295,0.41409412,1.3225349,0.715|0.7938|0.7248|0.6819|0.8132
