name,bin_acc,cat_acc,loss,auc
best_acc,0.8148613,0.45934707,1.257058,0.7501|0.7961|0.7591|0.7487|0.8453
best_loss,0.8145319,0.45854118,1.2563617,0.7506|0.7961|0.7593|0.7483|0.845
model,0.81470835,0.46022353,1.2576956,0.7504|0.7965|0.7572|0.749|0.8457
