name,bin_acc,cat_acc,loss,auc
best_acc,0.810526,0.4315706,1.3121809,0.7263|0.7907|0.7293|0.7044|0.8252
best_loss,0.81015414,0.42281178,1.3107035,0.731|0.7913|0.7239|0.7121|0.8244
model,0.8101436,0.41677058,1.3180138,0.7227|0.7893|0.7322|0.6909|0.8235
