name,accuracy,loss,auc
best_acc,0.58503526,1.4109402,0.3781|0.8183|0.5718|0.8514|0.8855
best_loss,0.47602352,1.3830181,0.3784|0.8183|0.8685|0.8469|0.8855
model,0.531553,1.3826982,0.3773|0.8183|0.873|0.8438|0.8855
