name,bin_acc,cat_acc,loss,auc
best_acc,0.8155107,0.4758,1.2547966,0.7651|0.8151|0.7616|0.7417|0.842
best_loss,0.8161378,0.46955884,1.250524,0.767|0.8182|0.7635|0.7457|0.8433
model,0.8151294,0.46678823,1.2524394,0.7664|0.8173|0.7645|0.7428|0.843
