name,accuracy,lambda,loss,auc
best_acc,0.41241765,0.0,1.3234302,0.7167|0.7934|0.7252|0.6943|0.81
best_loss,0.41115883,0.0,1.3225225,0.7231|0.7936|0.7253|0.6944|0.81
model,0.41091764,0.0,1.3226,0.7227|0.7936|0.7253|0.6942|0.8102
