name,loss,bin_acc,auc
best_acc,0.25603488,0.9011609,0.9519
best_loss,0.25151393,0.89985645,0.9529
model,0.25151393,0.89985645,0.9529
