name,accuracy,lambda,loss,auc
best_acc,0.6900294,0.0,0.8859377,0.8575|0.8759|0.9276|0.9154|0.9117
best_loss,0.6895588,0.0,0.8849294,0.8575|0.8761|0.9273|0.9155|0.9119
model,0.68888825,0.0,0.88536304,0.8574|0.8763|0.9273|0.9153|0.9119
