name,loss,acc,auc
best_acc,0.27879193,0.8976114,0.9273869340984648
best_loss,0.2696143,0.89658666,0.9265592901390185
model,0.26991078,0.8979431,0.9270654795504432
