name,accuracy,loss,auc
best_acc,0.59148234,1.3830712,0.3772|0.8183|0.8808|0.8446|0.8855
best_loss,0.56044704,1.3827074,0.3774|0.8183|0.8819|0.8452|0.8855
model,0.47621176,1.3832648,0.3776|0.8183|0.8856|0.8374|0.8855
