name,bin_acc,cat_acc,loss,auc
best_acc,0.814339,0.46797648,1.2616724,0.7563|0.8027|0.7614|0.7417|0.8425
best_loss,0.8141613,0.46715295,1.2601849,0.7565|0.8019|0.763|0.7431|0.8424
model,0.8135413,0.45695293,1.2635219,0.756|0.801|0.7632|0.7414|0.8419
