name,accuracy,lambda,loss,auc
best_acc,0.6966706,0.0,0.8607363,0.8661|0.8804|0.9303|0.9188|0.9154
best_loss,0.6965706,0.0,0.85959524,0.8661|0.8807|0.9302|0.9191|0.9155
model,0.69595885,0.0,0.85985696,0.8659|0.8809|0.9301|0.919|0.9155
