name,bin_acc,cat_acc,loss,auc
best_acc,0.81488127,0.45951766,1.2569145,0.7501|0.7962|0.7591|0.7488|0.8454
best_loss,0.8145366,0.45852354,1.2562746,0.7506|0.7961|0.7593|0.7484|0.845
model,0.8147047,0.46001175,1.2575212,0.7505|0.7965|0.7573|0.749|0.8458
