name,accuracy,lambda,loss,auc
best_acc,0.7179059,0.0,0.7871531,0.882|0.8939|0.9455|0.9375|0.9267
best_loss,0.71788234,0.0,0.787089,0.882|0.894|0.9456|0.9375|0.9267
model,0.7178765,0.0,0.78708255,0.882|0.894|0.9456|0.9375|0.9267
