name,accuracy,lambda,loss,auc
best_acc,0.41317058,0.0,1.3278537,0.7155|0.7932|0.7252|0.6942|0.8098
best_loss,0.41171765,0.0,1.3234465,0.7165|0.7931|0.725|0.6933|0.81
model,0.4123941,0.0,1.3245913,0.7164|0.7931|0.725|0.6945|0.81
