name,accuracy,lambda,loss,auc
best_acc,0.5576647,0.0,1.1166041,0.7758|0.8212|0.8539|0.8364|0.8884
best_loss,0.5542941,0.0,1.1157596,0.7759|0.8209|0.8541|0.8359|0.8886
model,0.5546059,0.0,1.1159015,0.7759|0.821|0.854|0.8359|0.8886
