Name,acc,auc,loss
model.best_acc.keras,0.91661137342453,0.9676635807847231,0.21933098137378693
model.best_loss.keras,0.9125470519065857,0.9678758776078323,0.21502670645713806
model.keras,0.9118787050247192,0.9677688711429902,0.21529722213745117
