name,loss,acc,auc
best_acc,1.6054931,0.26341176,0.481|0.7067|0.5561|0.5804|0.828
best_loss,1.6060264,0.26526472,0.4797|0.7133|0.5557|0.5761|0.8298
model,1.6146362,0.2638294,0.4747|0.708|0.5541|0.5686|0.8294
