name,accuracy,lambda,loss,auc
best_acc,0.6829,0.0,0.8798564,0.8539|0.8792|0.9278|0.9163|0.9154
best_loss,0.68178236,0.0,0.8790091,0.8536|0.8795|0.9279|0.9165|0.9153
model,0.68181175,0.0,0.87907463,0.8536|0.8795|0.9278|0.9168|0.9153
