name,accuracy,loss,auc
best_acc,0.5566235,1.3521838,0.4053|0.8178|0.8649|0.8737|0.8965
best_loss,0.5386353,1.2042805,0.778|0.8273|0.7755|0.7846|0.9007
