name,accuracy,lambda,loss,auc
best_acc,0.4150059,0.0,1.3269182,0.717|0.7933|0.7245|0.6968|0.8098
best_loss,0.4126353,0.0,1.3220365,0.7273|0.7936|0.7251|0.6952|0.8101
model,0.41291764,0.0,1.3220687,0.7266|0.7936|0.7251|0.6952|0.8101
