name,bin_acc,cat_acc,loss,auc
best_acc,0.8284085,0.6331059,1.1639214,0.7185|0.8356|0.8963|0.8735|0.8859
best_loss,0.8284236,0.6301647,1.1635057,0.7197|0.8358|0.8944|0.8734|0.886
model,0.82851547,0.62493527,1.1633667,0.7219|0.8363|0.8928|0.8744|0.8857
