name,accuracy,loss,auc
best_acc,0.7803119,0.6136478,0.8673
best_loss,0.7803119,0.6136478,0.8673
model,0.78772527,0.59263444,0.8772
