name,loss,acc,auc
best_acc,1.3852432,0.51257646,0.7052|0.8137|0.8766|0.8185|0.8867
best_loss,1.3852432,0.51257646,0.7052|0.8137|0.8766|0.8185|0.8867
model,1.3829868,0.50928235,0.7023|0.8137|0.8573|0.8174|0.8868
