name,loss,acc,auc
best_acc,1.2643945,0.46355882,0.7528|0.8|0.7568|0.7416|0.8382
best_loss,1.2632415,0.4627588,0.7528|0.8002|0.7578|0.7423|0.8385
model,1.2632931,0.4626941,0.7529|0.8004|0.7573|0.7421|0.8384
