name,accuracy,lambda,loss,auc
best_acc,0.5785118,0.0,1.06709,0.8039|0.8504|0.86|0.8445|0.8936
best_loss,0.57718235,0.0,1.0662482,0.8038|0.8502|0.8601|0.8443|0.8937
model,0.5771294,0.0,1.0667597,0.8033|0.8502|0.8603|0.8445|0.8937
