name,accuracy,lambda,loss,auc
best_acc,0.66338235,0.0,0.96766657,0.8156|0.8559|0.9232|0.9088|0.8989
best_loss,0.66065294,0.0,0.9560616,0.8183|0.8553|0.9235|0.9081|0.8998
model,0.66065294,0.0,0.9560616,0.8183|0.8553|0.9235|0.9081|0.8998
