name,accuracy,lambda,loss,auc
best_acc,0.71864116,0.0,0.7920695,0.8844|0.8937|0.9431|0.9363|0.9256
best_loss,0.71864116,0.0,0.7920695,0.8844|0.8937|0.9431|0.9363|0.9256
