name,accuracy,lambda,loss,auc
best_acc,0.46700588,0.0,1.2564734,0.7633|0.8|0.7609|0.7464|0.8461
best_loss,0.46538824,0.0,1.252331,0.7663|0.799|0.7633|0.7498|0.8466
model,0.4622059,0.0,1.2536913,0.7577|0.7976|0.7602|0.7459|0.8472
