name,accuracy,lambda,loss,auc
best_acc,0.7046176,0.0,0.81469625,0.8668|0.8877|0.9429|0.9357|0.921
best_loss,0.7046176,0.0,0.81469625,0.8668|0.8877|0.9429|0.9357|0.921
model,0.7019647,0.0,0.8174347,0.8655|0.8873|0.9428|0.9354|0.921
