Name,acc,auc,loss
model.best_acc.keras,0.8811831474304199,0.9172190076279723,0.33059000968933105
model.best_loss.keras,0.8774975538253784,0.9165606254627582,0.3288937509059906
model.keras,0.876685619354248,0.9165194464042208,0.3289003074169159
