name,accuracy,lambda,loss,auc
best_acc,0.7333588,0.0,0.75946254,0.8989|0.8999|0.9471|0.939|0.9308
best_loss,0.7327529,0.0,0.7592596,0.8989|0.8999|0.9472|0.939|0.931
