name,accuracy,lambda,loss,auc
best_acc,0.71434116,0.0,0.80085504,0.885|0.8912|0.9404|0.9332|0.9234
best_loss,0.71434116,0.0,0.80085504,0.885|0.8912|0.9404|0.9332|0.9234
