name,bin_acc,cat_acc,loss,auc
best_acc,0.7503318,0.3178,3.506268,0.6047|0.7325|0.5436|0.6016|0.7221
best_loss,0.8000001,0.20182353,1.6094364,0.5|0.5|0.5|0.5|0.5
model,0.8000001,0.20182353,1.6094364,0.5|0.5|0.5|0.5|0.5
