name,bin_acc,cat_acc,loss,auc
best_acc,0.8000001,0.34657058,1.5575956,0.6871|0.7886|0.6454|0.6494|0.763
best_loss,0.8000001,0.29471764,1.4963897,0.6971|0.7895|0.5806|0.6244|0.7715
model,0.8000001,0.20182353,1.6094364,0.5|0.5|0.5|0.5|0.5
