name,accuracy,loss,auc
best_acc,0.60821766,1.3376764,0.6641|0.8183|0.8782|0.8462|0.8873
best_loss,0.5919471,1.3358548,0.6669|0.8183|0.8668|0.8377|0.8881
model,0.5645235,1.3370512,0.6543|0.8183|0.8911|0.8481|0.8875
