name,accuracy,lambda,loss,auc
best_acc,0.6202588,0.0,0.9847854,0.8412|0.8744|0.8764|0.8665|0.9049
best_loss,0.62015885,0.0,0.98478097,0.8412|0.8744|0.8764|0.8665|0.9049
model,0.6201353,0.0,0.98477846,0.8412|0.8744|0.8764|0.8665|0.9049
