name,bin_acc,cat_acc,loss,auc
best_acc,0.82444245,0.57515883,1.1596818,0.7432|0.8231|0.9066|0.8768|0.8865
best_loss,0.82444245,0.57515883,1.1596818,0.7432|0.8231|0.9066|0.8768|0.8865
model,0.8246766,0.5788294,1.1459082,0.754|0.8307|0.9082|0.8802|0.8875
