name,accuracy,loss,auc
best_acc,0.5937647,1.3068807,0.682|0.8183|0.8684|0.8638|0.887
best_loss,0.5937647,1.3068807,0.682|0.8183|0.8684|0.8638|0.887
model,0.5592529,1.3047264,0.6839|0.8183|0.8766|0.8663|0.8874
