name,accuracy,lambda,loss,auc
best_acc,0.3148647,0.0,1.4860681,0.6749|0.7262|0.6124|0.5922|0.7129
best_loss,0.3125412,0.0,1.4853137,0.6754|0.7255|0.6115|0.5922|0.7111
model,0.31511766,0.0,1.4834982,0.676|0.7263|0.61|0.5916|0.7116
