name,accuracy,lambda,loss,auc
best_acc,0.69828236,0.0,0.8451042,0.8588|0.8856|0.9385|0.9318|0.9156
best_loss,0.69828236,0.0,0.8451042,0.8588|0.8856|0.9385|0.9318|0.9156
