name,loss,acc,auc
best_acc,1.0614415,0.6324706,0.7858|0.8686|0.9208|0.8955|0.886
best_loss,1.0614415,0.6324706,0.7858|0.8686|0.9208|0.8955|0.886
model,1.0548059,0.6352706,0.792|0.8702|0.9222|0.8956|0.8854
