name,loss,acc,auc
best_acc,1.354999,0.4366353,0.7345|0.8198|0.7343|0.7821|0.8974
best_loss,1.3578304,0.43772352,0.7377|0.82|0.728|0.7796|0.8971
model,1.3676032,0.42701176,0.7418|0.8203|0.738|0.783|0.8962
