name,bin_acc,cat_acc,loss,auc
best_acc,0.8127271,0.45717648,1.2783366,0.7499|0.7924|0.748|0.7381|0.8417
best_loss,0.81344134,0.453,1.2729824,0.7501|0.7923|0.7489|0.7364|0.8422
model,0.8136331,0.44351175,1.277059,0.7497|0.7926|0.7492|0.7358|0.8434
