name,bin_acc,cat_acc,loss,auc
best_acc,0.81477416,0.47241765,1.2515165,0.7706|0.8157|0.7555|0.7376|0.848
best_loss,0.81477416,0.47241765,1.2515165,0.7706|0.8157|0.7555|0.7376|0.848
model,0.81495416,0.4609,1.2567503,0.7716|0.8144|0.7567|0.7376|0.8477
