name,loss,acc,auc
best_acc,2.7806838,0.25764117,0.3745|0.7799|0.5949|0.596|0.8442
best_loss,2.7806838,0.25764117,0.3745|0.7799|0.5949|0.596|0.8442
model,2.7299147,0.26252353,0.3893|0.7777|0.596|0.6028|0.8438
