name,accuracy,lambda,loss,auc
best_acc,0.6806647,0.0,0.88781947,0.8482|0.8754|0.9284|0.917|0.9119
best_loss,0.6801765,0.0,0.88681096,0.8486|0.8756|0.9286|0.9172|0.9117
model,0.67949414,0.0,0.88718766,0.8486|0.8757|0.9287|0.9172|0.9118
