name,loss,acc,auc
best_acc,1.4403173,0.36621177,0.6513|0.8182|0.7105|0.3665|0.8368
best_loss,1.4403173,0.36621177,0.6513|0.8182|0.7105|0.3665|0.8368
model,1.4400575,0.36052942,0.6504|0.8186|0.7065|0.3665|0.8364
