name,loss,bin_acc,auc
best_acc,0.36687344,0.8688652,0.9155
best_loss,0.36661658,0.86841446,0.9163
model,0.36665493,0.8684395,0.9165
