name,accuracy,lambda,loss,auc
best_acc,0.46533528,0.0,1.2511104,0.7553|0.7985|0.7627|0.7481|0.848
best_loss,0.4646,0.0,1.2500576,0.7553|0.7985|0.7629|0.7484|0.8479
model,0.46484706,0.0,1.250195,0.7553|0.7985|0.7629|0.7483|0.848
