name,bin_acc,cat_acc,loss,auc
best_acc,0.81080127,0.45801765,1.2769175,0.7458|0.7979|0.7473|0.7303|0.8419
best_loss,0.81345314,0.45312354,1.2735558,0.744|0.7969|0.7484|0.729|0.8434
model,0.8124342,0.4576706,1.2817855,0.7439|0.7977|0.7443|0.7286|0.8415
