name,accuracy,lambda,loss,auc
best_acc,0.72210586,0.0,0.78139174,0.889|0.8951|0.9449|0.9373|0.9264
best_loss,0.7218353,0.0,0.7813352,0.889|0.8951|0.9449|0.9373|0.9264
model,0.7218059,0.0,0.7813388,0.889|0.8951|0.9449|0.9373|0.9264
