name,accuracy,loss,auc
best_acc,0.43749413,1.3899354,0.4462|0.4604|0.7089|0.8777|0.8722
best_loss,0.4048647,1.3864,0.4491|0.467|0.7184|0.8727|0.8716
model,0.42541766,1.386108,0.4514|0.4642|0.7146|0.8759|0.872
