name,accuracy,lambda,loss,auc
best_acc,0.6795176,0.0,0.8922064,0.8484|0.8757|0.9275|0.9163|0.9136
best_loss,0.67935294,0.0,0.8902044,0.8482|0.8762|0.9273|0.9165|0.9133
model,0.67894703,0.0,0.8905877,0.8483|0.8763|0.9273|0.9165|0.9133
