name,accuracy,lambda,loss,auc
best_acc,0.7090118,0.0,0.8064539,0.8754|0.8902|0.9421|0.9348|0.9244
best_loss,0.7066647,0.0,0.8025519,0.8764|0.8906|0.9444|0.9365|0.9264
model,0.69475293,0.0,0.83270276,0.8738|0.8824|0.9436|0.9342|0.9258
