name,loss,acc,auc
best_acc,1.3480306,0.45690587,0.6649|0.776|0.6062|0.888|0.8439
best_loss,1.3079972,0.4531647,0.614|0.7155|0.6999|0.882|0.8458
model,1.308531,0.45304117,0.575|0.7148|0.7007|0.8819|0.8458
