name,bin_acc,cat_acc,loss,auc
best_acc,0.80900484,0.45937648,1.2724897,0.7488|0.7939|0.7544|0.7384|0.8409
best_loss,0.80900484,0.45937648,1.2724897,0.7488|0.7939|0.7544|0.7384|0.8409
model,0.80748004,0.39934707,1.3555229,0.7236|0.8042|0.679|0.6714|0.8143
