name,accuracy,lambda,loss,auc
best_acc,0.70955294,0.0,0.80526966,0.8699|0.8903|0.944|0.9367|0.9234
best_loss,0.7099765,0.0,0.80519533,0.87|0.8903|0.944|0.9368|0.9234
model,0.70972943,0.0,0.8051761,0.87|0.8903|0.944|0.9368|0.9234
