name,bin_acc,cat_acc,loss,auc
best_acc,0.8094624,0.3998647,1.4180944,0.7157|0.7551|0.6368|0.6475|0.8105
best_loss,0.8094624,0.3998647,1.4180944,0.7157|0.7551|0.6368|0.6475|0.8105
model,0.80974126,0.4008353,1.4171457,0.7165|0.7546|0.6388|0.6491|0.8113
