name,accuracy,lambda,loss,auc
best_acc,0.7258176,0.0,0.776551,0.8929|0.896|0.9456|0.9376|0.9261
best_loss,0.72588825,0.0,0.7759478,0.893|0.8963|0.9457|0.9375|0.9262
