name,accuracy,lambda,loss,auc
best_acc,0.71363527,0.0,0.7967185,0.8792|0.8921|0.9437|0.9364|0.925
best_loss,0.71363527,0.0,0.7967185,0.8792|0.8921|0.9437|0.9364|0.925
model,0.7139647,0.0,0.7967583,0.8791|0.8921|0.9437|0.9364|0.9251
