name,bin_acc,cat_acc,loss,auc
best_acc,0.8698389,0.66071767,0.958897,0.7879|0.8609|0.9221|0.9057|0.8995
best_loss,0.8703035,0.6605353,0.95553297,0.7887|0.8614|0.9222|0.9071|0.8999
model,0.8707694,0.6620471,0.95545965,0.7873|0.8611|0.9232|0.9075|0.8998
