Name,acc,auc,loss
model.best_acc.keras,0.9151138663291931,0.9673554960190484,0.21628902852535248
model.best_loss.keras,0.9123688340187073,0.967524651622692,0.21636193990707397
model.keras,0.9138836860656738,0.9675656271839863,0.21547555923461914
