name,accuracy,lambda,loss,auc
best_acc,0.7083471,0.0,0.82581615,0.8739|0.886|0.9366|0.9294|0.9193
best_loss,0.7076059,0.0,0.82515144,0.8735|0.8859|0.9371|0.9293|0.9194
