name,loss,bin_acc,auc
best_acc,0.26147228,0.90013367,0.9504
best_loss,0.25880456,0.89863366,0.9504
model,0.25881845,0.8990569,0.9501
