name,accuracy,lambda,loss,auc
best_acc,0.67791766,0.0,0.8830928,0.8379|0.8694|0.9321|0.927|0.911
best_loss,0.67791176,0.0,0.882968,0.838|0.8693|0.9321|0.9271|0.911
model,0.6777,0.0,0.88302225,0.8381|0.8693|0.9321|0.9271|0.911
