name,bin_acc,cat_acc,loss,auc
best_acc,0.81312484,0.45231175,1.2849654,0.7461|0.794|0.7409|0.7279|0.8377
best_loss,0.8132071,0.4396353,1.2797761,0.7447|0.7918|0.7523|0.7312|0.8423
model,0.8132071,0.4396353,1.2797761,0.7447|0.7918|0.7523|0.7312|0.8423
