name,bin_acc,cat_acc,loss,auc
best_acc,0.83799523,0.5443353,1.1432756,0.727|0.8276|0.8567|0.8831|0.89
best_loss,0.83799523,0.5443353,1.1432756,0.727|0.8276|0.8567|0.8831|0.89
model,0.85365176,0.6219353,1.0353603,0.7659|0.8491|0.8884|0.8956|0.8917
