name,accuracy,loss,auc
model,0.5972458,1.1714907,0.7219|0.8184|0.9037|0.8449|0.8871
