name,accuracy,lambda,loss,auc
best_acc,0.6653,0.0,0.9364007,0.8261|0.8591|0.9227|0.9109|0.9048
best_loss,0.6637412,0.0,0.93056023,0.8253|0.8579|0.9231|0.9114|0.9039
model,0.6625,0.0,0.9421156,0.8266|0.8561|0.9237|0.9101|0.9044
