name,loss,acc,auc
best_acc,1.3848277,0.42284706,0.7421|0.7893|0.7218|0.7259|0.8393
best_loss,1.3825155,0.4188706,0.7396|0.793|0.7216|0.7268|0.8398
model,1.3825155,0.4188706,0.7396|0.793|0.7216|0.7268|0.8398
