name,bin_acc,cat_acc,loss,auc
best_acc,0.81006473,0.40502942,1.4124829,0.7094|0.7658|0.6341|0.6444|0.8151
best_loss,0.80983895,0.40211177,1.409009,0.7116|0.7646|0.6374|0.6486|0.8177
model,0.80983895,0.40211177,1.409009,0.7116|0.7646|0.6374|0.6486|0.8177
